/two/one,/two/one,hash1,hash1,10,10,exact match
/two/eleven,/two/one,hash1,hash1,40,10,exact match
/two/two,/two/two,hash2,hash2,20,20,exact match
/two/three,/two/three,hash3,hash3,30,30,exact match
/two/four,/two/four,hash4,hash4,40,40,exact match
/two/five,/two/five,hash5,hash5,50,50,exact match
/two/six,/two/six,hash6,hash6,60,60,exact match
/two/seven,/two/seven,hash7,hash7,70,70,exact match
/two/eight,/two/eight,hash8,hash8,80,80,exact match
/two/nine,/two/nine,hash9,hash9,90,90,exact match
/two/ten,/two/ten,hash10,hash10,100,100,exact match
/two/one,/two/eleven,hash1,hash1,10,40,no match
/two/eleven,/two/eleven,hash1,hash1,40,40,exact match
